-- MySQL Script generated by MySQL Workbench
-- Mon Feb 15 23:33:55 2021
-- Model: New Model    Version: 1.0
-- MySQL Workbench Forward Engineering

SET @OLD_UNIQUE_CHECKS=@@UNIQUE_CHECKS, UNIQUE_CHECKS=0;
SET @OLD_FOREIGN_KEY_CHECKS=@@FOREIGN_KEY_CHECKS, FOREIGN_KEY_CHECKS=0;
SET @OLD_SQL_MODE=@@SQL_MODE, SQL_MODE='ONLY_FULL_GROUP_BY,STRICT_TRANS_TABLES,NO_ZERO_IN_DATE,NO_ZERO_DATE,ERROR_FOR_DIVISION_BY_ZERO,NO_ENGINE_SUBSTITUTION';

-- -----------------------------------------------------
-- Schema Tc18b
-- -----------------------------------------------------
DROP SCHEMA IF EXISTS `Tc18b` ;

-- -----------------------------------------------------
-- Schema Tc18b
-- -----------------------------------------------------
CREATE SCHEMA IF NOT EXISTS `Tc18b` DEFAULT CHARACTER SET utf8 COLLATE utf8_unicode_ci ;
SHOW WARNINGS;
USE `Tc18b` ;

-- -----------------------------------------------------
-- Table `Tc18b`.`petstore`
-- -----------------------------------------------------
DROP TABLE IF EXISTS `Tc18b`.`petstore` ;

SHOW WARNINGS;
CREATE TABLE IF NOT EXISTS `Tc18b`.`petstore` (
  `pst_id` SMALLINT UNSIGNED NOT NULL,
  `pst_name` VARCHAR(30) NOT NULL,
  `pst_street` VARCHAR(30) NOT NULL,
  `pst_city` VARCHAR(30) NOT NULL,
  `pst_state` CHAR(2) NOT NULL,
  `pst_zip` INT(9) NOT NULL,
  `pst_phone` BIGINT UNSIGNED NOT NULL,
  `pst_email` VARCHAR(100) NOT NULL,
  `pst_url` VARCHAR(100) NOT NULL,
  `pst_ytd_sales` DECIMAL(10,2) NOT NULL,
  `pst_notes` VARCHAR(255) NULL,
  PRIMARY KEY (`pst_id`))
ENGINE = InnoDB;

SHOW WARNINGS;

-- -----------------------------------------------------
-- Table `Tc18b`.`customer`
-- -----------------------------------------------------
DROP TABLE IF EXISTS `Tc18b`.`customer` ;

SHOW WARNINGS;
CREATE TABLE IF NOT EXISTS `Tc18b`.`customer` (
  `cus_id` SMALLINT UNSIGNED NOT NULL AUTO_INCREMENT,
  `cus_fname` VARCHAR(15) NOT NULL,
  `cus_lname` VARCHAR(30) NOT NULL,
  `cus_street` VARCHAR(30) NOT NULL,
  `cus_city` VARCHAR(30) NOT NULL,
  `cus_state` CHAR(2) NOT NULL,
  `cus_zip` INT NOT NULL,
  `cus_phone` BIGINT UNSIGNED NOT NULL,
  `cus_email` VARCHAR(100) NOT NULL,
  `cus_balance` DECIMAL(8,2) NOT NULL,
  `cus_total_sales` DECIMAL(8,2) NOT NULL,
  `cus_notes` VARCHAR(255) NULL,
  PRIMARY KEY (`cus_id`))
ENGINE = InnoDB;

SHOW WARNINGS;

-- -----------------------------------------------------
-- Table `Tc18b`.`pet`
-- -----------------------------------------------------
DROP TABLE IF EXISTS `Tc18b`.`pet` ;

SHOW WARNINGS;
CREATE TABLE IF NOT EXISTS `Tc18b`.`pet` (
  `pet_id` SMALLINT UNSIGNED NOT NULL AUTO_INCREMENT,
  `pst_id` SMALLINT UNSIGNED NOT NULL,
  `cus_id` SMALLINT UNSIGNED NULL,
  `pet_type` VARCHAR(45) NOT NULL,
  `pet_sex` ENUM('m', 'f') NOT NULL,
  `pet_cost` DECIMAL(8,2) NOT NULL,
  `pet_price` DECIMAL(6,2) NOT NULL,
  `pet_age` TINYINT NOT NULL,
  `pet_color` VARCHAR(30) NOT NULL,
  `pet_sale_date` DATE NULL,
  `pet_vaccine` ENUM('y', 'n') NOT NULL,
  `pet_neuter` ENUM('y', 'n') NOT NULL,
  `pet_notes` VARCHAR(255) NULL,
  PRIMARY KEY (`pet_id`),
  INDEX `fk_pet_customer_idx` (`cus_id` ASC) VISIBLE,
  INDEX `fk_pet_petstore1_idx` (`pst_id` ASC) VISIBLE,
  CONSTRAINT `fk_pet_customer`
    FOREIGN KEY (`cus_id`)
    REFERENCES `Tc18b`.`customer` (`cus_id`)
    ON DELETE CASCADE
    ON UPDATE CASCADE,
  CONSTRAINT `fk_pet_petstore1`
    FOREIGN KEY (`pst_id`)
    REFERENCES `Tc18b`.`petstore` (`pst_id`)
    ON DELETE CASCADE
    ON UPDATE CASCADE)
ENGINE = InnoDB;

SHOW WARNINGS;

SET SQL_MODE=@OLD_SQL_MODE;
SET FOREIGN_KEY_CHECKS=@OLD_FOREIGN_KEY_CHECKS;
SET UNIQUE_CHECKS=@OLD_UNIQUE_CHECKS;

-- -----------------------------------------------------
-- Data for table `Tc18b`.`petstore`
-- -----------------------------------------------------
START TRANSACTION;
USE `Tc18b`;
INSERT INTO `Tc18b`.`petstore` (`pst_id`, `pst_name`, `pst_street`, `pst_city`, `pst_state`, `pst_zip`, `pst_phone`, `pst_email`, `pst_url`, `pst_ytd_sales`, `pst_notes`) VALUES (1, 'Marvelous Mammals', '125 W Ave.', ' Brooklyn', 'NY', 11201, 7186234578, 'MarvMammals@hmail.com', 'https://marvelousmammals.com', 50042, 'notes1');
INSERT INTO `Tc18b`.`petstore` (`pst_id`, `pst_name`, `pst_street`, `pst_city`, `pst_state`, `pst_zip`, `pst_phone`, `pst_email`, `pst_url`, `pst_ytd_sales`, `pst_notes`) VALUES (2, 'Furry Friends', '2532 tharpe St.', 'Tallahassee', 'FL', 32303, 8509874563, 'furballs21@gmail.com', 'https://furryfriends.com', 83098, 'notes2');
INSERT INTO `Tc18b`.`petstore` (`pst_id`, `pst_name`, `pst_street`, `pst_city`, `pst_state`, `pst_zip`, `pst_phone`, `pst_email`, `pst_url`, `pst_ytd_sales`, `pst_notes`) VALUES (3, 'Pets 4 Less', '1685 W Pensacola St.', 'Tallahassee', 'FL', 32304, 8503223479, 'Pets4Less@gmail.com', 'https://pets4less.com', 30027, 'notes3');
INSERT INTO `Tc18b`.`petstore` (`pst_id`, `pst_name`, `pst_street`, `pst_city`, `pst_state`, `pst_zip`, `pst_phone`, `pst_email`, `pst_url`, `pst_ytd_sales`, `pst_notes`) VALUES (4, 'Reptile Island', '1201 City Park Ave.', 'Orlando ', 'FL', 32808, 3212860781, 'ReptileIsl@yahoo.com', 'https://reptileisland.com', 60004, 'notes4');
INSERT INTO `Tc18b`.`petstore` (`pst_id`, `pst_name`, `pst_street`, `pst_city`, `pst_state`, `pst_zip`, `pst_phone`, `pst_email`, `pst_url`, `pst_ytd_sales`, `pst_notes`) VALUES (5, 'Bunny Love', '847 Long Rd.', 'Chicago', 'IL', 60632, 3124882643, 'bunnylovers@aol.com', 'https://bunnylove.com', 75003, 'notes5');
INSERT INTO `Tc18b`.`petstore` (`pst_id`, `pst_name`, `pst_street`, `pst_city`, `pst_state`, `pst_zip`, `pst_phone`, `pst_email`, `pst_url`, `pst_ytd_sales`, `pst_notes`) VALUES (6, 'Pretty Pups', '98 Pikewood Dr.', 'Albany', 'GA', 31703, 2193859642, 'prettypups090@hotmail.com', 'https://prettypups.com', 45880, 'notes6');
INSERT INTO `Tc18b`.`petstore` (`pst_id`, `pst_name`, `pst_street`, `pst_city`, `pst_state`, `pst_zip`, `pst_phone`, `pst_email`, `pst_url`, `pst_ytd_sales`, `pst_notes`) VALUES (7, 'Mahtani Bird Store', '4825 Pleasant Valley Ct.', 'Orlando', 'FL', 32811, 4078895883, 'Mahtanibirds4@aol.com', 'https://mahtanibirdstore.com', 44886, 'notes7');
INSERT INTO `Tc18b`.`petstore` (`pst_id`, `pst_name`, `pst_street`, `pst_city`, `pst_state`, `pst_zip`, `pst_phone`, `pst_email`, `pst_url`, `pst_ytd_sales`, `pst_notes`) VALUES (8, 'Zoo Gems', '976 Farmrikers Ln.', 'Sodus', 'NY', 14551, 3156874465, 'zookeptgems@msn.com', 'https://zoogems.com', 48274, 'notes8');
INSERT INTO `Tc18b`.`petstore` (`pst_id`, `pst_name`, `pst_street`, `pst_city`, `pst_state`, `pst_zip`, `pst_phone`, `pst_email`, `pst_url`, `pst_ytd_sales`, `pst_notes`) VALUES (9, 'Palace For Pets', '24 Peachtree Ct.', 'Greenville', 'SC', 29605, 8646782456, 'petpalace@gmail.com', 'https://palaceforpets.com', 66837, 'notes9');
INSERT INTO `Tc18b`.`petstore` (`pst_id`, `pst_name`, `pst_street`, `pst_city`, `pst_state`, `pst_zip`, `pst_phone`, `pst_email`, `pst_url`, `pst_ytd_sales`, `pst_notes`) VALUES (10, 'Animal Kingdom', '8654 Liberty Rd.', 'Houston', 'TX', 77018, 2817530096, 'animalkingdom100@gmail.com', 'https://animalkingdom.com', 68395, 'notes10');

COMMIT;


-- -----------------------------------------------------
-- Data for table `Tc18b`.`customer`
-- -----------------------------------------------------
START TRANSACTION;
USE `Tc18b`;
INSERT INTO `Tc18b`.`customer` (`cus_id`, `cus_fname`, `cus_lname`, `cus_street`, `cus_city`, `cus_state`, `cus_zip`, `cus_phone`, `cus_email`, `cus_balance`, `cus_total_sales`, `cus_notes`) VALUES (DEFAULT, 'Betty', 'Crocker', ' 1405 City Ave.', 'Orlando', 'FL', 32808, 3216873475, 'Bcr0cker@hotmail.com', 10.30, 220, 'notes1');
INSERT INTO `Tc18b`.`customer` (`cus_id`, `cus_fname`, `cus_lname`, `cus_street`, `cus_city`, `cus_state`, `cus_zip`, `cus_phone`, `cus_email`, `cus_balance`, `cus_total_sales`, `cus_notes`) VALUES (DEFAULT, 'Crystal', 'Mahtani', '87 St.', 'Houston', 'TX', 77012, 2816837759, 'crystalMahtani69@aol.com', 92.67, 58.92, 'notes2');
INSERT INTO `Tc18b`.`customer` (`cus_id`, `cus_fname`, `cus_lname`, `cus_street`, `cus_city`, `cus_state`, `cus_zip`, `cus_phone`, `cus_email`, `cus_balance`, `cus_total_sales`, `cus_notes`) VALUES (DEFAULT, 'Tamara', 'Parker', '2908 Parkway Ln.', 'Savannah', 'GA', 31405, 9125830068, 'ParkerTamara8@gmail.com', 103.89, 4000.65, 'notes3');
INSERT INTO `Tc18b`.`customer` (`cus_id`, `cus_fname`, `cus_lname`, `cus_street`, `cus_city`, `cus_state`, `cus_zip`, `cus_phone`, `cus_email`, `cus_balance`, `cus_total_sales`, `cus_notes`) VALUES (DEFAULT, 'Andrew', 'Williams', '827 Blossom Ct.', 'Seattle', 'WA', 98114, 2069378847, 'Drewwilliams@msn.com', 20.01, 83.29, 'notes4');
INSERT INTO `Tc18b`.`customer` (`cus_id`, `cus_fname`, `cus_lname`, `cus_street`, `cus_city`, `cus_state`, `cus_zip`, `cus_phone`, `cus_email`, `cus_balance`, `cus_total_sales`, `cus_notes`) VALUES (DEFAULT, 'Mark', 'Wilson', '456 N. Monroe', 'Tallahassee', 'FL', 32304, 8509387562, 'MarkieWilson@yahoo.com', 5.02, 927.56, 'notes5');
INSERT INTO `Tc18b`.`customer` (`cus_id`, `cus_fname`, `cus_lname`, `cus_street`, `cus_city`, `cus_state`, `cus_zip`, `cus_phone`, `cus_email`, `cus_balance`, `cus_total_sales`, `cus_notes`) VALUES (DEFAULT, 'Paris', 'Renee', '683 Bainridge Ct.', 'Detroit', 'MI', 48222, 3135567832, 'Reneeworld@hotmail.com', 219.28, 26.20, 'notes6');
INSERT INTO `Tc18b`.`customer` (`cus_id`, `cus_fname`, `cus_lname`, `cus_street`, `cus_city`, `cus_state`, `cus_zip`, `cus_phone`, `cus_email`, `cus_balance`, `cus_total_sales`, `cus_notes`) VALUES (DEFAULT, 'Adam', 'Freeman', '466 Britin Dr.', 'Los Angeles', 'CA', 90017, 2138458263, 'Adamfreedthemen@aol.com', 12.80, 2837.36, 'notes7');
INSERT INTO `Tc18b`.`customer` (`cus_id`, `cus_fname`, `cus_lname`, `cus_street`, `cus_city`, `cus_state`, `cus_zip`, `cus_phone`, `cus_email`, `cus_balance`, `cus_total_sales`, `cus_notes`) VALUES (DEFAULT, 'Morgan', 'Phillips', '913 Peachtree Ln.', 'Sodus', 'NY', 14551, 3158827462, 'Morgan_phillips@gmail.com', 64.02, 528.36, 'notes8');
INSERT INTO `Tc18b`.`customer` (`cus_id`, `cus_fname`, `cus_lname`, `cus_street`, `cus_city`, `cus_state`, `cus_zip`, `cus_phone`, `cus_email`, `cus_balance`, `cus_total_sales`, `cus_notes`) VALUES (DEFAULT, 'Prestin', 'Scott', '1607 Tharpe St.', 'Tallahassee', 'FL', 32303, 8502834882, 'prestinscott23@gmail.com', 92.73, 30.38, 'notes9');
INSERT INTO `Tc18b`.`customer` (`cus_id`, `cus_fname`, `cus_lname`, `cus_street`, `cus_city`, `cus_state`, `cus_zip`, `cus_phone`, `cus_email`, `cus_balance`, `cus_total_sales`, `cus_notes`) VALUES (DEFAULT, 'Gina', 'Elrado', '8423 Landers Ln.', 'Louisville', 'KY', 40209,  5028954439, 'Elradofamilia@hotmail.com', 2.01, 76, 'notes10');

COMMIT;


-- -----------------------------------------------------
-- Data for table `Tc18b`.`pet`
-- -----------------------------------------------------
START TRANSACTION;
USE `Tc18b`;
INSERT INTO `Tc18b`.`pet` (`pet_id`, `pst_id`, `cus_id`, `pet_type`, `pet_sex`, `pet_cost`, `pet_price`, `pet_age`, `pet_color`, `pet_sale_date`, `pet_vaccine`, `pet_neuter`, `pet_notes`) VALUES (DEFAULT, 1, NULL, 'New Zealand Parrot', 'F', 900, 1500, 42, 'tan', '2001-05-07', 'y', 'y', 'notes1');
INSERT INTO `Tc18b`.`pet` (`pet_id`, `pst_id`, `cus_id`, `pet_type`, `pet_sex`, `pet_cost`, `pet_price`, `pet_age`, `pet_color`, `pet_sale_date`, `pet_vaccine`, `pet_neuter`, `pet_notes`) VALUES (DEFAULT, 2, 2, 'Colubrid Snake', 'M', 100, 140, 105, 'black', NULL, 'n', 'y', 'notes2');
INSERT INTO `Tc18b`.`pet` (`pet_id`, `pst_id`, `cus_id`, `pet_type`, `pet_sex`, `pet_cost`, `pet_price`, `pet_age`, `pet_color`, `pet_sale_date`, `pet_vaccine`, `pet_neuter`, `pet_notes`) VALUES (DEFAULT, 3, NULL, 'Norwegian Forest Cat', 'M', 780, 975, 4, 'black/brown', '2003-09-27', 'n', 'n', 'notes3');
INSERT INTO `Tc18b`.`pet` (`pet_id`, `pst_id`, `cus_id`, `pet_type`, `pet_sex`, `pet_cost`, `pet_price`, `pet_age`, `pet_color`, `pet_sale_date`, `pet_vaccine`, `pet_neuter`, `pet_notes`) VALUES (DEFAULT, 4, 6, 'Pomeranian Dog', 'F', 5450, 6500, 27, 'tan/white', '2004-06-14', 'y', 'n', 'notes4');
INSERT INTO `Tc18b`.`pet` (`pet_id`, `pst_id`, `cus_id`, `pet_type`, `pet_sex`, `pet_cost`, `pet_price`, `pet_age`, `pet_color`, `pet_sale_date`, `pet_vaccine`, `pet_neuter`, `pet_notes`) VALUES (DEFAULT, 5, NULL, 'Parakeet Parrot', 'F', 600, 850, 75, 'green/blue', NULL, 'y', 'y', 'notes5');
INSERT INTO `Tc18b`.`pet` (`pet_id`, `pst_id`, `cus_id`, `pet_type`, `pet_sex`, `pet_cost`, `pet_price`, `pet_age`, `pet_color`, `pet_sale_date`, `pet_vaccine`, `pet_neuter`, `pet_notes`) VALUES (DEFAULT, 6, NULL, 'Dwarf Hamster', 'F', 175, 225, 14, 'brown', NULL, 'y', 'y', 'notes6');
INSERT INTO `Tc18b`.`pet` (`pet_id`, `pst_id`, `cus_id`, `pet_type`, `pet_sex`, `pet_cost`, `pet_price`, `pet_age`, `pet_color`, `pet_sale_date`, `pet_vaccine`, `pet_neuter`, `pet_notes`) VALUES (DEFAULT, 7, NULL, 'Bengal Cat', 'M', 1642, 2126, 36, 'orange/black', '2002-11-19', 'n', 'y', 'notes7');
INSERT INTO `Tc18b`.`pet` (`pet_id`, `pst_id`, `cus_id`, `pet_type`, `pet_sex`, `pet_cost`, `pet_price`, `pet_age`, `pet_color`, `pet_sale_date`, `pet_vaccine`, `pet_neuter`, `pet_notes`) VALUES (DEFAULT, 8, 5, 'Pug Dog', 'M', 1000, 1900, 84, 'white/black', NULL, 'n', 'n', 'notes8');
INSERT INTO `Tc18b`.`pet` (`pet_id`, `pst_id`, `cus_id`, `pet_type`, `pet_sex`, `pet_cost`, `pet_price`, `pet_age`, `pet_color`, `pet_sale_date`, `pet_vaccine`, `pet_neuter`, `pet_notes`) VALUES (DEFAULT, 9, NULL, 'Red Eared Slider Turtle', 'F', 115, 168, 12, 'green', '2006-08-22', 'y', 'n', 'notes9');
INSERT INTO `Tc18b`.`pet` (`pet_id`, `pst_id`, `cus_id`, `pet_type`, `pet_sex`, `pet_cost`, `pet_price`, `pet_age`, `pet_color`, `pet_sale_date`, `pet_vaccine`, `pet_neuter`, `pet_notes`) VALUES (DEFAULT, 10, NULL, 'Angora Rabbit', 'M', 200, 285, 28, 'white', NULL, 'n', 'y', 'notes10');

COMMIT;

